daily_processing_count,enter_COD,enter_PH,enter_NH3N,enter_TN,enter_TP,MLSS,DO,out_COD,out_PH,out_NH3N,out_TN,out_TP,other
1186,53.66,7.52,40.85,13.26 ,2.31 ,1756,5.19,10.38,7.14,0.04,5.41,0.34,
2615,56.24,7.45,18.44,17.65 ,2.91 ,1800,5.23,18.03,6.96,0.054,8.14,0.26,
2365,44.3,7.62,9.36,20.30 ,2.49 ,1622,4.36,19.97,7.14,0.12,10.61,0.32,
1082,33.36,7.66,17.62,19.55 ,2.26 ,1820,4.7,5.36,7.0,0.04,9.97,0.23,
2473,40.16,7.45,29.29,21.64 ,3.01 ,2063,5.11,17.12,7.14,0.04,10.76,0.38,
2585,39.26,7.52,11.76,17.45 ,2.31 ,2275,4.47,22.34,6.97,0.1,8.64,0.34,
2233,64.01,7.43,33.43,19.42 ,3.14 ,1812,4.49,22.89,7.12,0.03,9.08,0.35,
2457,47.26,7.62,12.45,19.46 ,3.26 ,1812,4.50 ,22.15,7.21,0.14,9.51,0.4,
2462,76.87,7.56,35.4,20.10 ,2.32 ,1956,4.77 ,25.58,7.03,0.04,10.41,0.51,
2365,45.26,7.71,15.09,20.24 ,3.72 ,2093,5.04 ,21.31,7.23,0.13,10.17,0.35,
2191,63.41,7.62,13.12,19.75 ,3.29 ,1908,5.69 ,19.36,7.14,0.21,10.36,0.22,
2545,87.42,7.57,15.64,18.34 ,3.46 ,2111,5.23 ,24.31,7.16,0.17,9.49,0.21,
1506,74.19,7.61,35.15,18.16 ,2.19 ,2179,4.53 ,25.81,7.0,0.03,10.1,0.18,
2111,67.43,7.51,13.85,18.43 ,2.99 ,2239,5.27 ,22.71,7.07,0.21,9.72,0.16,
1480,32.78,7.56,15.37,19.34 ,1.96 ,1447,4.74,5.64,7.12,0.21,10.2,0.23,
2524,94.36,7.46,21.98,17.62 ,3.21 ,2273,4.22 ,25.16,6.96,0.03,9.41,0.18,
2192,90.62,7.32,37.07,17.26 ,1.36 ,2576,4.46 ,25.67,6.97,0.03,10.04,0.33,
1428,42.41,7.34,19.36,17.34 ,2.25 ,3167,5.24,6.27,7.06,0.31,9.42,0.21,
1749,33.15,7.38,18.21,13.89 ,2.41 ,1575,5.22,6.72,7.03,0.03,6.08,0.25,
2253,44.17,7.52,15.4,12.81 ,2.63 ,3341,5.16,8.62,7.11,0.06,4.54,0.3,
2725,11.65,7.44,8.36,12.26 ,1.97 ,1749,5.3,4.96,7.12,0.17,3.14,0.24,
1934,41.26,7.52,9.93,13.17 ,2.09 ,3319,5.22,6.29,7.11,0.04,4.49,0.3,
2757,36.22,7.51,9.37,13.01 ,3.26 ,1898,5.1,4.17,7.23,0.11,5.26,0.33,
2732,60.23,7.52,7.81,12.33 ,1.26 ,3465,4.78,7.16,7.14,0.11,5.69,0.43,
2583,40.26,7.25,7.9,13.77 ,3.38 ,2503,5.58 ,9.17,6.61,0.21,10.32,0.33,
2280,44.49,7.38,19.07,16.98 ,3.48 ,2501,5.44 ,24.95,6.72,0.18,10.03,0.32,
2800,51.01,7.51,18.26,20.43 ,3.15 ,2543,4.09 ,24.97,6.91,0.23,10.75,0.32,
2332,66.7,7.53,19.34,20.71 ,2.98 ,2498,5.55 ,24.89,6.89,0.23,11.09,0.17,
2687,117.62,7.39,27.16,19.71 ,3.43 ,1786,5.72 ,23.48,6.92,0.25,12.09,0.46,
2212,54.23,7.36,19.36,21.17 ,3.64 ,1506,6.14 ,23.81,6.83,0.29,11.22,0.34,
2292,85.92,7.47,26.8,22.31 ,3.72 ,2391,5.65 ,23.6,6.89,0.19,12.43,0.21,
2699,53.78,7.49,28.46,30.12 ,3.91 ,1569,4.13 ,22.27,6.98,0.29,12.33,0.17,
2267,131.3,7.56,38.94,35.26 ,3.74 ,1934,5.77 ,23.89,7.02,0.26,12.19,0.15,
2261,69.43,7.95,19.64,20.16 ,4.21 ,1871,5.46 ,24.09,7.24,0.14,12.33,0.22,
2492,95.77,7.79,38.18,19.55 ,1.54 ,2532,5.70 ,26.01,6.8,0.03,10.2,0.37,
2709,74.8,7.8,8.47,11.14 ,1.23 ,2312,4.94 ,8.8,7.3,0.47,11.94,0.25,
2247,77,7.4,28.02,16.21 ,2.32 ,2145,5.80 ,23.58,7.03,0.19,13.06,0.35,
2729,77.44,8.2,18.65,22.35 ,2.33 ,1909,5.16 ,10.26,7.34,0.32,12.14,0.34,
2220,67.66,7.8,19.14,20.74 ,3.34 ,2407,5.87 ,24.71,7.05,0.27,12.35,0.45,
1499,69.25,7.84,19.82,21.15 ,3.07 ,2246,5.28 ,10.67,7.34,0.34,12.16,0.29,
1095,118.42,8.1,17.35,20.15 ,2.97 ,2020,5.93 ,6.74,7.24,0.29,11.43,0.15,
1159,89.47,8.2,19.16,21.25 ,2.24 ,2251,4.30 ,10.36,7.45,0.33,11.32,0.14,
1480,108.34,7.64,30.26,20.96 ,3.13 ,2205,4.93 ,22.51,7.15,0.25,11.11,0.16,
2595,126.06,7.65,42.05,21.56 ,1.62 ,2135,4.48 ,0.93,7.03,0.21,12.1,0.1,
2162,70.89,7.82,20.5,22.74 ,3.11 ,2020,4.54 ,7.26,7.34,0.37,11.91,0.15,
2254,66.27,7.62,15.74,19.70 ,3.34 ,2900,5.04 ,22.31,6.95,0.11,10.09,0.4,
2569,91.46,7.76,20.78,22.81 ,3.43 ,2198,4.36 ,9.34,7.14,0.26,12.17,0.14,
2581,92.25,7.65,18.26,20.71 ,3.41 ,2365,5.51 ,24.97,7.14,0.14,9.42,0.3,
3134,63.36,7.64,19.43,23.45 ,4.05 ,2275,5.16 ,25.14,7.12,0.05,9.47,0.33,
2675,134.9,7.43,30.31,22.16 ,3.72 ,2289,4.07 ,25.41,7.06,0.03,9.09,0.22,
2675,60.22,7.62,18.17,20.35 ,3.76 ,2345,4.56 ,24.48,7.23,0.05,9.11,0.24,
2294,84.89,7.59,32.54,21.23 ,2.43 ,2216,4.36 ,24.48,6.89,0.03,10.09,0.34,
2685,57.2,7.33,16.35,21.75 ,3.11 ,2401,4.09 ,8.8,6.56,0.11,9.04,0.24,
2686,65.54,7.31,14.96,19.74 ,3.41 ,2437,6.03 ,24.58,6.74,0.14,10.27,0.36,
2229,81.96,7.8,12.47,19.46 ,3.79 ,2234,5.72 ,4.84,7.4,0.33,13.01,0.35,
2165,71.08,7.91,9.21,16.82 ,2.91 ,2419,5.41 ,7.95,7.26,0.39,13.03,0.33,
2360,102.98,7.26,21.73,16.57 ,2.53 ,2876,3.68 ,3.15,7.26,0.15,12.86,0.12,
1910,105.34,7.35,12.47,16.26 ,3.09 ,3224,3.72 ,2.53,7.16,1.04,14.31,0.12,
1888,115.55,7.5,11.46,17.14 ,2.98 ,3479,5.66 ,2.87,7.2,0.59,16.26,0.12,
1791,100.63,7.74,9.87,16.17 ,2.99 ,2431,5.54 ,2.64,7.23,0.34,15.23,0.24,
1893,89.07,7.81,10.75,16.79 ,4.05 ,2032,3.92 ,2.77,7.26,0.36,13.44,0.28,
1821,94.63,7.86,9.47,15.93 ,3.83 ,3517,4.56 ,3.15,7.21,0.27,12.31,0.2,
1818,82.72,7.64,9.75,19.45 ,3.89 ,1929,4.46 ,2.52,6.98,0.26,13.07,0.13,
2151,103.64,7.46,23.2,17.26 ,2.76 ,2019,4.27 ,2.22,7.03,0.22,13.72,0.23,
2198,87.28,7.56,18.66,18.10 ,1.99 ,2131,4.65 ,4.63,7.21,0.17,12.94,0.3,
1851,126.16,7.45,16.36,18.25 ,4.13 ,3406,4.81 ,3.0,7.12,1.09,14.16,0.34,
2174,115.15,7.72,11.47,20.17 ,4.32 ,1821,5.42 ,2.75,7.14,1.61,15.01,0.38,
1878,121.08,7.82,14.26,19.15 ,3.99 ,3010,4.88 ,2.55,7.23,1.98,13.27,0.24,
1832,119.49,7.75,15.87,17.95 ,3.79 ,2675,5.18 ,2.42,7.14,1.14,12.91,0.16,
2173,105.78,7.81,14.71,16.27 ,4.14 ,2314,6.07 ,2.74,7.23,0.95,12.33,0.11,
1833,133.43,8,26.25,23.43 ,4.03 ,2146,3.97 ,3.81,7.25,1.84,12.19,0.12,
2233,125.79,7.89,56.03,20.16 ,1.71 ,2354,4.60 ,2.29,7.03,0.73,12.53,0.17,
1089,140.88,7.83,18.69,20.47 ,3.91 ,2279,5.77 ,2.71,7.21,1.11,11.99,0.2,
1844,129.13,7.95,20.26,21.49 ,4.25 ,2630,4.70 ,2.43,7.24,1.45,12.07,0.33,
2200,129.13,7.95,20.26,21.49 ,4.25 ,2450,4.93 ,2.43,7.24,1.45,12.07,0.33,
2158,139.26,7.92,17.26,20.79 ,2.77 ,2266,4.25 ,2.58,7.34,0.24,11.94,0.31,
1884,131.87,7.92,21.33,19.55 ,1.61 ,2399,5.82 ,2.27,7.53,1.04,11.44,0.02,
1788,152.47,7.79,15.47,18.14 ,2.58 ,2509,5.62 ,2.29,7.25,0.92,12.39,0.09,
2534,73.31,7.9,18.28,19.78 ,2.99 ,2045,4.49 ,6.84,7.3,0.29,0.32,0.32,
2181,127.46,7.6,28.74,22.45 ,3.09 ,2301,5.24 ,7.38,7.04,0.18,12.99,0.29,
2554,107.99,7.71,32.1,25.15 ,1.79 ,2210,5.61 ,5.04,6.96,0.17,12.99,0.32,
2184,163.94,7.82,31.14,30.78 ,3.95 ,2116,5.67 ,5.15,7.07,0.31,13.09,0.3,
2187,91.76,7.96,29.46,30.25 ,3.91 ,2365,5.96 ,1.99,7.15,0.36,12.09,0.36,
2555,83.36,7.1,29.12,28.25 ,3.83 ,2193,5.40 ,2.27,7.25,0.41,12.31,0.3,
2156,89.62,7.62,21.14,22.39 ,3.63 ,2403,4.35 ,7.8,7.08,0.23,11.98,0.3,
2446,41,7.45,8.3,16.20 ,2.23 ,2452,6.26,4.11,7.05,0.04,9.37,0.23,
2460,54.69,7.32,8.49,14.78 ,1.06 ,2154,6.17,3.06,7.05,0.09,8.46,0.22,
2460,57.04,7.41,6.74,14.74 ,0.91 ,3017,6.22,3.21,7.05,0.04,8.3,0.23,
2243,66.03,7.36,6.87,15.02 ,1.36 ,1826,6.15,2.91,7.05,0.03,8.29,0.15,
2243,54.77,7.42,7.22,13.28 ,1.10 ,1795,6.19,3.12,6.96,0.04,7.96,0.19,
2243,59.53,7.33,6.74,14.46 ,0.99 ,1721,6.13,3.23,6.98,0.04,7.87,0.18,
2500,53.14,7.41,5.9,13.92 ,1.05 ,1616,6.09,3.17,7.02,0.07,8.02,0.2,
2500,44.21,7.41,7.62,13.92 ,1.05 ,1623,5.86,2.63,7.02,0.09,8.24,0.22,
2525,43.39,7.32,7.25,13.28 ,0.98 ,1532,6.27,2.89,7.05,0.11,8.78,0.23,
2512,52.2,7.3,8.68,13.06 ,0.89 ,1544,6.07,3.09,7.05,0.18,8.32,0.22,
2200,100.26,7.36,5.59,14.22 ,1.01 ,1596,6.08,3.61,7.05,0.23,9.48,0.26,
2563,51.13,7.57,3.92,15.76 ,1.19 ,1534,6.07,3.49,7.05,0.28,9.02,0.23,
2482,61.77,7.62,5.5,14.36 ,1.93 ,1428,6.06,3.43,7.05,0.2,8.0,0.24,
1925,73.94,7.23,6.16,14.32 ,1.03 ,1281,5.97,4.7,7.05,0.21,5.62,0.23,
1922,67.7,7.31,6.18,14.82 ,1.12 ,1241,6.79,4.97,7.05,0.24,5.17,0.19,
1932,48.91,7.23,6.28,12.56 ,0.99 ,1480,6.79,4.8,7.03,0.29,5.17,0.18,
1916,38.75,7.32,5.4,12.76 ,1.23 ,1469,6.13,4.96,7.04,0.34,5.13,0.2,
1903,41.3,7.34,6.21,12.22 ,0.95 ,1542,6.12,5.32,7.05,0.43,4.85,0.23,
1907,28.05,7.34,6.01,13.12 ,2.42 ,1565,6.09,5.05,7.05,0.53,5.34,0.31,
1925,31.37,7.41,7.06,13.11 ,2.01 ,1555,5.63,4.67,7.05,0.06,5.43,0.34,
1941,41.97,7.35,6.33,13.12 ,1.11 ,1415,6.12,4.59,7.05,0.06,5.71,0.34,
1941,51.33,7.36,6.85,12.24 ,1.21 ,1326,6.05,4.2,7.05,0.06,6.26,0.2,
1915,39.02,7.42,6.65,12.58 ,1.29 ,1550,5.42,4.75,7.04,0.08,6.67,0.23,
2187,67.55,7.62,5.18,14.20 ,2.31 ,1573,6.05,4.03,7.05,0.26,7.3,0.26,
1956,47.72,7.32,6.89,11.86 ,1.06 ,1383,5.74,4.65,7.03,0.1,6.83,0.28,
1941,63.91,7.31,7.34,11.72 ,1.13 ,1246,6.3,4.75,7.03,0.12,6.84,0.24,
1943,46.83,7.41,7.61,13.36 ,1.26 ,1531,6.21,4.41,7.04,0.14,6.76,0.39,
1913,51.8,7.45,7.64,14.14 ,1.09 ,1467,6.18,5.16,7.05,0.17,6.94,0.19,
1932,45.27,7.46,6.97,13.28 ,1.24 ,1381,5.82,4.97,7.05,0.21,6.58,0.24,
1976,54.51,7.26,7.39,10.28 ,0.92 ,1314,5.66,5.47,7.05,0.25,6.55,0.22,
1902,96.02,7.28,8.01,9.88 ,1.03 ,1291,5.78,5.57,7.05,0.21,6.24,0.36,
1913,42.15,7.45,6.33,10.34 ,1.21 ,1555,6.12,6.81,7.05,0.12,6.53,0.34,
1923,61,7.35,6.61,9.62 ,1.17 ,1352,6.16,5.95,7.05,0.11,6.53,0.33,
2187,62.68,7.34,5.43,15.46 ,2.39 ,1201,6.1,4.5,7.01,0.07,7.27,0.26,
2533,80.54,7.43,5.47,14.21 ,2.13 ,1317,6.16,4.3,7.05,0.08,7.06,0.27,
2255,75.05,7.56,4.98,16.84 ,2.57 ,1237,6.14,4.33,7.05,0.09,7.03,0.31,
2205,62.61,7.52,5.69,17.93 ,2.62 ,1389,5.45,4.45,7.05,0.1,7.26,0.33,
2316,50.24,7.45,5.46,16.94 ,1.92 ,1326,6.13,4.42,7.05,0.12,6.62,0.27,
2316,57.77,7.43,6.58,15.44 ,1.73 ,1264,6.06,4.54,7.02,0.13,6.3,0.23,
2135,64.72,7.46,5.87,13.29 ,2.68 ,1327,6.11,4.55,7.05,0.15,5.89,0.21,
1909,59.75,7.25,6,14.02 ,0.91 ,1401,6.05,4.49,7.05,0.17,5.56,0.19,
1926,49.47,7.55,6.93,12.84 ,1.12 ,1555,6.12,7.58,7.05,0.06,8.55,0.36,
1955,54.94,7.56,6.27,14.09 ,1.06 ,1696,6.17,7.08,7.05,0.06,8.52,0.35,
1825,110.22,7.62,6.71,14.72 ,1.05 ,1675,6.24,6.77,7.05,0.05,8.35,0.35,
1838,74.15,7.74,6.58,13.25 ,1.11 ,1641,5.65,7.05,7.05,0.05,8.26,0.36,
2027,51.24,7.42,6.16,14.14 ,2.30 ,1771,6.15,6.96,7.05,0.05,8.04,0.34,
1931,51.55,7.32,5.37,17.93 ,2.50 ,1642,5.88,6.95,7.05,0.07,7.77,0.32,
1931,54.77,7.4,5.91,14.20 ,1.01 ,1687,6.09,7.16,7.05,0.08,7.91,0.34,
2341,63.37,7.55,5,14.26 ,1.95 ,1569,6.05,6.63,7.05,0.07,8.24,0.27,
1967,91.26,7.52,5.65,13.23 ,1.14 ,1702,6.13,6.24,7.05,0.07,7.67,0.32,
2575,91.62,7.69,8.91,14.11 ,1.21 ,1865,6.21,6.73,7.05,0.14,8.51,0.32,
1961,45.72,7.28,7.6,9.06 ,1.25 ,1835,5.88,5.93,7.05,0.11,5.69,0.34,
2992,113.83,7.56,9.6,19.36 ,2.23 ,1956,6.17,8.14,7.05,0.19,10.03,0.34,
2631,97.76,7.66,10.55,20.84 ,1.29 ,2041,5.46,9.29,7.05,0.17,10.44,0.29,
3118,150.45,7.66,11.11,17.11 ,2.19 ,1798,6.14,9.45,7.05,0.39,10.49,0.34,
2782,135.55,7.73,11.79,22.32 ,1.49 ,1432,6.14,10.45,7.05,0.8,11.04,0.4,
2695,87.89,7.12,11.32,13.08 ,1.41 ,2119,6.12,9.95,6.81,0.37,9.23,0.23,
2756,68.88,7.14,12.67,15.76 ,1.29 ,1414,6.16,9.41,6.88,0.3,8.92,0.17,
3155,67.99,7.24,11.54,15.46 ,2.42 ,1581,6.14,9.49,7.05,0.32,9.56,0.23,
2530,175.9,7,17.44,15.70 ,2.25 ,2097,6.14,10.8,6.72,0.23,7.46,10.15,
1615,272.57,7.23,26.24,17.26 ,2.51 ,1975,6.18,12.3,6.85,0.38,11.43,0.16,
1743,260.41,7.46,32.7,17.58 ,2.07 ,2087,6.21,14.87,7.04,1.39,11.85,0.28,
1913,89.58,7.3,8.71,17.14 ,2.30 ,2106,6.2,5.96,7.05,0.1,5.86,0.35,
1396,250.32,7.84,34.87,24.19 ,12.63 ,2151,6.18,18.12,7.23,2.52,12.0,0.17,
1299,319.79,7.86,37.43,33.60 ,2.42 ,2265,6.18,18.16,7.32,2.79,12.41,0.11,
1947,73.61,7.42,9.35,15.00 ,2.21 ,1752,6.09,5.81,7.05,0.11,6.29,0.37,
1954,48.62,7.45,7.82,12.56 ,0.96 ,1408,6.21,5.95,7.05,0.1,6.16,0.35,
1973,48.45,7.38,7.26,11.29 ,1.04 ,1576,6.25,7.42,7.05,0.1,6.31,0.41,
2060,63.13,7.4,7.24,13.41 ,2.10 ,1602,6.18,9.06,7.05,0.12,5.95,0.29,
1908,53.63,7.55,7.35,10.34 ,1.09 ,1624,6.05,6.57,7.05,0.11,5.86,0.27,
1908,52.27,7.42,7.01,11.36 ,2.06 ,1703,6.21,6.47,7.05,0.11,5.85,0.31,
1980,99.49,7.62,9.73,9.28 ,1.01 ,1644,6.21,14.78,7.05,0.68,7.7,0.36,
2260,100.66,7.32,15.15,12.77 ,2.09 ,2313,6.17,10.02,7.05,0.71,6.33,0.17,
2391,123.98,7.46,15.79,16.42 ,1.48 ,2075,6.22,10.47,7.05,0.72,5.97,0.08,
3033,146.12,7.35,13.54,13.81 ,2.22 ,2486,6.28,10.14,7.05,0.76,6.36,0.07,
2718,91.49,7.43,12.99,9.00 ,0.69 ,2071,5.77,8.94,7.04,0.8,5.38,0.1,
2700,77.43,7.4,12,14.38 ,0.88 ,2028,6.33,9.0,7.05,0.84,4.96,0.11,
3114,62.81,7.33,11.39,11.26 ,0.95 ,2361,5.84,8.51,7.05,0.83,5.48,0.037,
3064,93.52,7.26,13.42,10.24 ,0.89 ,3011,6.1,8.49,7.05,0.85,4.96,0.32,
2148,159.61,7.26,27.63,14.04 ,1.85 ,2494,6.21,10.28,7.03,1.25,8.22,1.15,
2112,166.69,7.56,45.81,18.44 ,2.21 ,3126,6.25,11.96,7.03,1.32,10.22,0.43,
2757,181.16,7.42,41.81,14.97 ,1.80 ,2406,5.67,10.98,7.04,0.74,8.51,0.41,
1241,276.16,7.89,36.31,17.49 ,8.23 ,2333,6.29,17.13,7.05,1.18,12.5,0.08,
2306,144.6,7.49,42.22,19.30 ,2.04 ,2261,6.22,9.61,7.05,0.73,7.92,0.41,
2718,86.39,7.52,33.98,14.78 ,1.12 ,2486,5.78,9.55,7.05,0.6,7.09,0.33,
2686,126.72,7.63,14.46,14.44 ,1.88 ,2306,6.28,8.97,7.04,0.03,7.25,0.05,
2294,154.76,7.32,14.49,16.14 ,1.03 ,2422,6.22,9.43,7.02,0.04,9.14,0.12,
3000,133.67,7.36,15.31,13.98 ,0.97 ,2503,6.22,9.44,7.04,0.04,8.79,0.09,
2343,101.57,7.33,9.43,12.81 ,2.59 ,2510,6.2,9.97,7.05,0.04,6.42,0.22,
2723,80.15,7.41,8.94,10.58 ,1.46 ,2701,6.27,9.06,7.05,0.03,7.12,0.28,
2702,64.33,7.39,8.46,13.24 ,0.93 ,2615,6.33,8.4,7.04,0.03,6.84,0.12,
2743,79.71,7.44,10.47,12.84 ,0.99 ,2398,6.16,8.44,7.05,0.03,8.06,0.19,
2688,121.58,7.52,10.25,14.25 ,1.02 ,2589,6.16,8.3,7.03,0.03,9.25,0.41,
2073,266.99,7.56,25.86,18.21 ,1.92 ,2187,6.21,17.18,7.05,1.25,12.91,0.07,
2298,88.8,7.56,11.71,16.25 ,1.24 ,2087,6.19,7.86,7.02,0.03,9.37,0.3,
4770,149.71,7.69,20.53,17.52 ,3.36 ,2177,6.28,13.44,7.05,0.58,12.09,0.03,
2639,127.6,7.46,14.61,15.28 ,1.42 ,2150,6.17,13.2,7.12,0.18,7.52,0.017,
2577,121.2,7.51,12.66,16.99 ,1.51 ,2323,6.2,11.17,7.21,0.21,8.85,0.036,
3073,79.06,7.44,17.47,14.21 ,1.02 ,2259,6.22,11.01,6.93,0.67,8.04,0.13,
2688,95,7.55,15.85,18.92 ,1.74 ,2137,6.11,11.14,7.05,0.91,9.42,0.16,
2705,250.91,7.63,19.31,15.40 ,1.63 ,2468,6.11,10.7,7.05,0.78,7.1,0.094,
2653,138.43,7.55,17.5,16.08 ,1.36 ,2603,6.17,10.02,7.05,0.7,6.52,0.12,
2652,75.66,7.54,13.49,15.26 ,1.64 ,2430,6.36,8.06,7.03,0.03,6.98,0.38,
2596,59.62,7.48,11.42,16.94 ,1.69 ,3011,6.28,8.46,7.04,0.03,6.42,0.33,
2622,58.87,7.59,12.77,12.00 ,1.89 ,1999,6.01,7.55,7.02,0.03,6.48,0.32,
3028,55.99,7.52,13.58,13.74 ,3.06 ,2923,6.36,7.41,7.0,0.03,6.7,0.31,
2217,69.74,7.43,13.72,15.29 ,2.67 ,2084,6.2,7.74,7.17,0.03,6.87,0.35,
2477,48.28,7.32,6.82,14.12 ,2.48 ,2491,6.15,7.48,7.05,0.03,4.29,0.29,
2629,80.59,7.42,10.83,11.75 ,2.77 ,2491,6.12,6.54,7.03,0.04,3.96,0.25,
2646,68.21,7.44,13.09,15.71 ,2.71 ,2111,6.3,6.68,7.01,0.04,5.93,0.25,
2844,63.59,7.38,12.7,12.56 ,2.59 ,2111,6.27,7.56,7.02,0.03,6.99,0.26,
2810,100.7,7.42,12.51,18.12 ,2.96 ,2191,6.2,10.49,7.02,0.03,7.34,0.23,
3117,130.18,7.55,10.7,16.79 ,3.09 ,2491,6.03,8.29,7.01,0.04,9.44,0.36,
3024,82.94,7.53,15.25,15.44 ,3.01 ,2626,6.2,12.07,7.04,0.04,7.56,0.21,
2650,84.27,7.63,16.36,20.21 ,3.25 ,2723,6.23,12.43,7.05,0.04,9.16,0.35,
3080,110.78,7.52,16.69,19.34 ,3.12 ,2799,6.23,12.56,7.05,0.03,9.97,0.27,
3030,94.2,7.43,16.85,18.16 ,2.80 ,2843,6.18,13.23,7.05,0.03,9.27,0.19,
2678,116.89,7.55,19.01,17.17 ,2.99 ,2816,6.08,13.06,7.02,0.04,9.03,0.19,
3015,85.62,7.63,17.21,18.44 ,3.07 ,2202,5.98,12.75,7.05,0.04,9.76,0.15,
3011,87.62,7.57,17.71,18.46 ,3.14 ,2899,6,12.55,7.03,0.04,9.42,0.14,
2765,89.77,7.48,19.32,19.93 ,2.71 ,2853,5.65,13.14,7.02,0.05,10.55,0.17,
2630,132.96,7.72,22.49,21.44 ,3.14 ,2412,6.06,14.58,7.01,0.03,14.25,0.19,
2171,147.68,7.62,28.02,18.04 ,3.11 ,1898,6.79,14.29,6.99,0.03,9.06,0.15,
2654,102.82,7.46,12.9,18.93 ,3.31 ,2543,6.31,8.3,7.01,0.03,9.33,0.36,
3014,106.51,7.51,19.47,19.47 ,3.55 ,1898,5.9,14.56,7.0,0.07,9.16,0.17,
3050,106.96,7.54,20.25,22.61 ,3.37 ,2024,6.18,21.21,7.04,0.15,9.33,0.17,
2768,90.36,7.46,12.15,14.49 ,0.99 ,2747,6.29,8.13,7.03,0.04,8.32,0.36,
1543,55.3,7.61,8.2,16.71 ,1.21 ,2649,6.22,7.67,7.02,0.03,7.04,0.29,
3011,75.99,7.53,10.12,16.77 ,2.85 ,2697,6.29,8.26,7.04,0.04,6.44,0.28,
3024,92.3,7.54,12.07,18.49 ,1.32 ,2683,6.26,7.82,7.03,0.03,9.43,0.37,
2622,81.99,7.48,11.69,16.36 ,1.09 ,2440,6.1,7.83,7.02,0.04,8.04,0.33,
2598,72.95,7.47,11.37,15.26 ,3.04 ,2680,6.28,8.56,7.03,0.03,8.38,0.39,
2612,72.95,7.47,11.37,15.26 ,2.81 ,2101,6.31,8.56,7.03,0.03,8.38,0.39,
2622,57.53,7.51,13.78,15.35 ,3.55 ,2156,6.22,7.67,7.02,0.09,6.26,0.37,
3050,106.96,7.54,20.25,22.61 ,3.37 ,2024,6.18,21.21,7.04,0.15,9.33,0.17,
1541,22.8,7.87 ,9.04,15.17 ,2.90 ,2613,6.57,12.13,6.94,0.04,5.39,0.08,
1205,40.05,8.47 ,13.56,15.91 ,3.09 ,2642,6.57,11.53,6.93,0.04,5.81,0.07,
1205,69.07,7.54 ,22.37,16.55 ,3.13 ,2431,6.57,12.15,6.93,0.04,5.51,0.08,
1205,61.47,7.61 ,24.15,15.32 ,2.68 ,2333,6.57,12.73,6.93,0.03,6.34,0.06,
1205,62.64,8.76 ,26.04,16.11 ,2.45 ,2623,6.57,13.78,6.95,0.03,5.1,0.04,
1129,70.36,7.21 ,29.6,18.12 ,3.45 ,2313,6.57,12.93,6.93,0.03,2.26,0.03,
1285,71.79,7.21 ,31.86,14.72 ,3.18 ,2233,6.57,12.73,6.93,0.03,4.98,0.03,
900,66.22,7.26,34.5,16.39 ,1.01 ,2505,6.57,13.91,6.95,0.04,5.86,0.04,
989,69.14,7.32,14.47,17.42 ,0.99 ,1728,6.57,11.36,6.98,0.05,8.15,0.07,
990,51.19,7.52,26.41,25.81 ,1.12 ,1701,6.57,16.73,6.9,0.12,11.11,0.09,
2585,92.92,7.44,20.23,17.13 ,3.33 ,2382,6.17,13.39,7.04,0.13,8.26,0.16,
782,70.36,7.47,26.03,22.44 ,1.14 ,1902,6.57,12.14,6.95,0.25,12.46,0.1,
899,40.06,7.55,33.26,30.40 ,2.31 ,2262,6.7,35.32,6.92,2.04,10.96,0.14,
923,71.72,7.38,35.24,30.21 ,1.93 ,2172,6.85,48.89,6.98,4.8,12.92,0.17,
899,85.89,7.69,35.19,34.70 ,4.81 ,2358,6.79,5.55,6.92,5.97,15.39,0.2,
741,123.3,8.1,27.47,25.43 ,2.08 ,2372,6.81,39.6,7.8,14.9,15.52,0.075,
687,110.4,8.2,29.06,30.33 ,2.14 ,2398,6.73,22.52,7.93,7.41,14.64,0.1,
1091,91.56,8,22.14,24.44 ,1.98 ,2411,6.13,11.77,7.78,4.2,13.98,0.12,
1180,117.82,8,33.41,30.36 ,2.29 ,2401,6.25,16.14,7.65,5.21,12.23,0.09,
1099,96.35,7.93,36.71,17.89 ,2.01 ,2301,6.12,10.41,7.21,1.33,15.01,0.11,
1102,63.12,7.72,16.38,20.15 ,1.22 ,2301,6.53,8.24,7.05,0.054,10.49,0.09,
2869,114.31,7.62,21.21,16.32 ,2.45 ,1802,6.2,13.69,7.04,0.12,8.61,0.17,
1484,58.16,7.56,15.12,19.33 ,1.09 ,1965,6.66,7.79,7.03,0.09,9.81,0.07,
2479,87.72,7.57,18.5,15.50 ,2.71 ,2381,6.26,13.03,7.05,0.05,8.8,0.16,
2320,83.42,7.51,18.76,17.39 ,3.03 ,2431,6.29,12.45,7.03,0.04,8.61,0.15,
3081,78.68,7.62,18.43,18.02 ,3.59 ,2346,5.88,11.97,6.97,0.04,8.96,0.2,
1576,35.37,7.55,9.04,17.86 ,3.17 ,2285,6.54,11.27,7.14,0.03,8.7,0.16,
1576,22.8,7.64,9.04,21.31 ,3.36 ,2239,6.61,11.17,7.23,0.04,9.97,0.24,
880,22.8,7.52,9.04,15.57 ,3.14 ,2314,6.57,11.37,6.92,0.03,9.97,0.07,
524,22.8,7.49,9.04,17.57 ,3.73 ,2448,6.57,11.67,6.92,0.03,5.71,0.09,
654,61.78,7.43,9.95,13.81 ,0.99 ,2496,6.32,8.51,7.12,0.07,7.24,0.05,
719,80.35,7.61,55.76,33.46 ,2.96 ,2490,6.32,11.95,7.12,0.05,12.01,0.07,
776,119.3,7.67,37.25,30.46 ,1.15 ,2192,6.14,13.09,7.23,0.14,10.98,0.09,
907,106.96,7.55,45.26,43.41 ,1.36 ,2134,6.46,14.68,6.97,0.25,15.3,0.08,
591,121.36,7.65,89.6,49.25 ,1.73 ,1894,6.59,16.12,7.18,0.05,17.01,0.09,
1061,99.44,7.33,21.34,25.40 ,2.24 ,1935,6.43,18.08,6.94,0.26,16.03,0.23,
611,96.34,7.55,24.39,20.21 ,1.51 ,1698,6.52,11.21,7.06,0.04,12.44,0.11,
936,121.2,7.65,14.23,18.44 ,1.64 ,2312,6.52,16.11,6.96,0.11,9.26,0.08,
454,147.78,7.61,61.44,37.12 ,3.38 ,2034,6.4,19.14,6.92,0.05,14.14,0.3,
797,109.12,7.72,41.4,40.69 ,2.17 ,1769,6.42,20.32,7.24,0.16,13.06,0.17,
1085,36.84,7.23,63.78,34.10 ,0.93 ,2009,6.36,7.13,6.95,0.03,9.1,0.03,
521,175.29,7.66,80.9,45.26 ,3.01 ,2009,6.5,17.67,7.12,0.04,16.14,0.14,
904,147.26,7.41,44.61,44.21 ,3.17 ,2002,6.52,20.07,6.98,0.22,18.59,0.19,
769,133.65,7.56,43.36,40.49 ,2.99 ,1978,6.25,17.23,7.12,0.19,17.91,0.12,
769,109.41,7.56,47.36,44.43 ,3.04 ,1783,6.4,17.09,7.07,0.24,17.06,0.21,
748,85.35,7.49,35.46,49.12 ,3.77 ,1968,5.23,17.42,6.94,0.03,19.2,0.25,
1091,99.43,7.66,37.25,39.14 ,2.97 ,1616,5.23,13.64,7.21,0.13,17.26,0.21,
820,31,7.3,22.73,29.72 ,2.72 ,1616,6.01,14.95,6.96,0.04,15.14,0.23,
1165,56.34,7.36,9.85,15.78 ,3.47 ,1589,5.46,11.25,6.95,0.054,10.12,0.13,
1118,58.49,7.52,9.36,16.06 ,2.47 ,1730,6.12,9.21,7.14,0.09,7.15,0.2,
1080,65.4,7.48,10.21,15.19 ,4.14 ,1619,6.44,9.37,7.12,0.11,6.26,0.21,
1138,39.26,7.25,9.28,13.47 ,4.36 ,2012,6.52,7.15,6.95,0.07,7.63,0.03,
1231,49.17,7.52,9.76,14.96 ,2.46 ,1619,6.56,9.46,7.21,0.13,6.06,0.19,
1128,22.06,7.42,7.52,14.66 ,2.64 ,1713,6.21,10.89,6.93,0.03,5.17,0.15,
1515,24.92,7.38,11.37,14.04 ,0.98 ,1770,6.12,7.05,7.05,0.12,6.69,0.05,
1051,42.3,7.43,9.13,16.40 ,3.37 ,1680,6.32,4.76,6.97,0.04,5.52,0.02,
1541,56.41,7.41,8.96,13.14 ,0.90 ,1648,6.52,6.12,7.06,0.04,6.09,0.05,
1525,21.13,7.32,7.61,13.76 ,0.93 ,1666,6.24,6.95,7.09,0.06,6.11,0.07,
1502,47.33,7.32,12.56,12.09 ,0.89 ,1996,6.32,6.17,6.97,0.05,5.56,0.06,
1172,22.16,7.38,6.98,13.11 ,1.01 ,2045,6.47,8.21,6.95,0.054,6.03,0.04,
1507,43.24,7.33,8.21,18.53 ,0.96 ,2101,6.47,6.41,6.94,0.09,7.41,0.06,
2243,29.99,7.46,13.21,15.26 ,2.49 ,1987,5.68,10.79,7.05,0.04,7.71,0.24,
2092,39.33,7.39,9.06,17.47 ,3.01 ,1979,5.37,9.14,7.06,0.14,9.21,0.19,
2112,40.46,7.32,13.63,14.46 ,2.99 ,1979,5.39,10.12,6.95,0.11,9.09,0.16,
2158,23.96,7.44,11.67,15.26 ,3.14 ,1894,5.29,8.49,6.95,0.17,9.14,0.13,
2559,46.23,7.47,12.37,13.94 ,3.01 ,1762,5.23,7.82,7.02,0.14,7.32,0.11,
2388,29.93,7.55,14.48,16.96 ,2.58 ,1843,5.3,9.98,7.01,0.13,8.38,0.07,
2706,40.71,7.56,9.82,15.39 ,2.44 ,1758,6.55,10.24,7.14,0.22,9.76,0.1,
2535,41.95,7.43,10.48,14.67 ,2.19 ,1471,5.19,9.86,7.05,0.15,8.76,0.09,
2535,54.21,7.65,9.77,14.54 ,2.30 ,1541,5.28,9.09,7.12,0.17,9.94,0.14,
2724,57.59,7.46,8.11,28.64 ,3.11 ,1480,5.28,10.68,7.07,0.12,10.24,0.18,
992,22.98,7.59,8.04,12.54 ,3.83 ,1540,6.42,10.66,6.94,0.05,5.57,0.16,
2194,66.26,7.58,9.87,16.23 ,2.99 ,1804,4.64,10.01,7.14,0.16,9.97,0.2,
1108,35.62,7.36,8.17,15.15 ,2.46 ,1515,4.85,8.26,6.95,0.09,6.26,0.14,
1341,49.22,7.43,11.04,17.91 ,3.87 ,1549,4.84,10.38,7.02,0.13,6.17,0.13,
881,60.14,7.48,9.15,17.14 ,2.79 ,1619,4.5,9.26,7.07,0.15,9.44,0.14,
976,98.75,7.36,17.36,21.46 ,3.97 ,1628,4.48,12.19,7.14,0.15,10.15,0.24,
771,79.36,7.75,31.91,30.17 ,4.41 ,1737,5.51,22.44,7.18,0.13,16.24,0.42,
1073,80.15,7.56,35.26,32.45 ,3.99 ,1782,5.82,11.49,7.23,0.19,16.97,0.22,
854,84.2,7.62,30.29,34.67 ,4.01 ,1851,4.15,15.52,7.23,0.11,15.03,0.19,
776,109.59,8.7,38.9,32.67 ,2.92 ,1893,4.28,15.52,7.5,2.47,19.2,0.23,
805,104.52,7.9,36.59,29.10 ,3.33 ,1954,4.15,16.06,6.96,0.1,14.27,0.32,
708,47.45,7.47,10.04,17.83 ,2.31 ,1555,6.12,9.36,6.92,0.11,5.53,0.14,
1096,111.23,8.14,39.84,37.41 ,3.61 ,1887,4.7,15.26,7.58,1.56,19.06,0.35,
1092,106.88,8.41,35.32,33.46 ,3.14 ,1924,4.14,15.05,7.42,0.75,14.25,0.31,
1065,26.63,7.62,9.69,15.72 ,2.01 ,1654,6.42,9.47,7.14,0.09,6.07,0.17,
1080,41.36,7.53,8.97,16.73 ,1.95 ,1571,6.23,9.24,7.12,0.12,6.9,0.13,
1438,107.01,7.43,9.01,15.13 ,2.07 ,1532,6.42,10.99,7.12,0.06,5.97,0.15,
1032,42.36,7.36,10.34,14.71 ,1.91 ,2049,6.42,9.44,7.05,0.04,7.28,0.16,
1107,44.17,7.45,9.75,13.98 ,1.99 ,2171,6.35,10.54,7.12,0.11,0.17,0.17,
1088,31.71,7.45,10,15.24 ,1.99 ,2190,6.5,10.54,7.12,0.11,6.94,0.2,
1330,42.45,7.52,10.11,14.72 ,2.09 ,2238,6.23,9.36,7.14,0.14,6.69,0.16,
2165,79.41,7.51,25.93,24.44 ,3.78 ,1861,4.61,20.17,6.99,0.14,12.91,0.31,
2310,128.86,7.44,18.39,24.36 ,3.94 ,2310,4.78,21.72,6.95,0.65,15.12,0.28,
1949,145.14,7.61,28.01,27.99 ,3.81 ,2008,4.54,22.4,6.98,0.14,15.36,0.36,
1878,96.8,7.42,17.76,30.13 ,3.90 ,1899,4.61,22.0,6.95,0.33,15.85,0.36,
1479,94.46,7.6,22.04,26.93 ,3.31 ,2246,5.18,21.54,7.1,0.19,14.92,0.32,
2447,92.4,7.63,19.9,17.63 ,2.92 ,1997,5.25,19.8,7.14,0.9,17.54,0.25,
2337,131.03,7.6,14.04,19.98 ,1.36 ,1901,4.59,5.74,7.2,0.33,16.69,0.32,
2477,44,7.33,11.9,16.21 ,1.58 ,2059,4.77,8.8,6.95,0.18,12.81,0.21,
2683,77.69,7.65,9.75,20.51 ,1.59 ,2159,5.25,7.35,7.07,0.43,11.88,0.17,
2852,70.68,7.43,4.92,18.20 ,3.53 ,2103,5.2,6.15,6.96,0.04,5.91,0.33,
966,75.92,7.63,13.4,20.36 ,3.76 ,1530,4.14,15.36,6.94,0.11,15.24,0.27,
2789,52.8,7.34,7.47,14.88 ,1.72 ,1897,4.48,6.6,6.95,0.18,8.92,0.21,
2959,73.48,7.39,7.87,14.75 ,1.97 ,1969,4.75,5.72,6.97,0.04,6.98,0.36,
2776,57.2,7.33,7.8,15.19 ,2.54 ,1833,5.23,17.6,6.92,0.32,6.52,0.23,
3083,68.94,7.5,15.55,15.68 ,3.87 ,2015,5.18,5.61,7.03,0.03,7.82,0.34,
2880,55.36,7.32,7.11,18.46 ,2.39 ,2347,5.18,12.81,6.93,0.19,8.06,0.31,
2370,33.44,7.41,5.33,15.21 ,1.21 ,1941,5.23,6.21,6.92,0.04,5.98,0.24,
2210,12.32,7.41,13.3,14.78 ,3.55 ,2022,4.73,4.45,6.92,0.03,3.34,0.24,
1843,55.37,7.26,6.92,13.47 ,3.82 ,2191,5.12,7.95,6.98,0.1,4.94,0.41,
2559,47.36,7.42,8.49,13.15 ,1.72 ,1407,4.6,5.27,7.14,0.12,5.03,0.3,
2361,52.01,7.33,7.15,12.76 ,1.21 ,1407,5.22,5.3,7.05,0.12,6.94,0.2,
1669,59.47,8,11.27,28.26 ,3.17 ,1941,4.21,15.36,7.45,0.84,15.09,0.23,
1472,46.21,7.44,5.37,13.35 ,1.38 ,2222,4.77,6.62,7.04,0.05,7.17,0.25,
2024,49.26,7.9,9.91,26.37 ,3.12 ,1527,4.21,16.15,7.14,0.46,15.99,0.21,
1939,89.45,7.8,10.04,20.31 ,2.77 ,1919,5.34,21.89,7.12,0.13,16.24,0.15,
2503,92.41,7.7,10.85,19.43 ,4.01 ,1762,4.46,22.49,6.97,0.13,12.69,0.13,
2350,48.34,7.61,8.91,18.21 ,3.09 ,1629,5.25,17.26,7.14,0.25,13.02,0.14,
2747,99.68,7.68,14.17,20.77 ,2.78 ,1832,5.07,21.86,7.23,0.35,13.86,0.23,
2378,78.36,7.62,18.47,23.46 ,3.48 ,2224,4.9,19.15,7.21,0.71,12.09,0.32,
2387,127.36,7.65,9.31,20.71 ,2.99 ,2242,4.99,22.05,7.24,0.54,13.26,0.3,
1883,165.83,7.53,18.45,18.09 ,4.36 ,2999,6.27 ,3.31,7.07,4.21,13.06,0.32,
2065,136.02,7.28,35.19,31.25 ,5.92 ,2986,4.78 ,4.08,6.95,4.26,14.21,0.34,
1877,138.63,7.3,20.61,22.22 ,2.23 ,2983,4.73 ,3.23,6.9,6.47,12.65,0.19,
2210,140.97,7.44,16.39,19.34 ,3.01 ,2972,5.26 ,3.02,6.98,2.07,11.42,0.24,
1936,148.12,7.43,21.47,22.47 ,3.19 ,2843,4.76 ,1.88,7.12,0.69,10.98,0.21,
1909,139.15,7.52,27.36,25.49 ,3.42 ,2577,5.06 ,3.46,7.14,0.98,11.42,0.14,
2264,135.82,7.51,30.69,26.78 ,2.90 ,2946,4.51 ,2.75,7.03,0.04,10.75,0.13,
1932,121.28,7.52,28.41,27.31 ,3.63 ,2891,5.48 ,2.38,7.14,0.84,10.56,0.12,
1912,120.46,7.48,20.61,21.11 ,2.98 ,2415,5.42 ,3.04,7.12,0.12,10.32,0.12,
1537,112.63,7.52,22.46,21.39 ,3.71 ,3090,5.53 ,2.69,6.98,0.054,10.06,0.15,
1875,150.2,7.86,16.71,17.43 ,2.99 ,2814,6.18 ,2.66,7.34,1.19,11.19,0.15,
702,122,7.39,16.34,19.81 ,3.91 ,2596,4.39 ,2.13,6.98,0.1,9.33,0.25,
1429,149.73,7.64,25.39,23.64 ,4.04 ,2876,3.94 ,3.04,7.03,0.21,9.07,0.31,
922,116.63,7.62,26.91,24.80 ,3.94 ,2951,6.28 ,2.46,7.14,0.57,9.33,0.15,
941,110.03,7.69,28.78,26.13 ,3.22 ,3017,4.13 ,2.14,7.03,0.05,9.6,0.2,
1469,151.2,7.72,26.34,25.91 ,3.77 ,2916,4.73 ,3.2,7.14,0.12,8.03,0.31,
2048,126.95,7.8,19.41,17.16 ,3.94 ,3124,5.34 ,3.47,7.3,0.98,5.03,0.24,
1916,126.03,7.82,19.11,21.65 ,4.11 ,3091,3.85 ,3.39,7.16,1.02,9.39,0.24,
2052,128.48,7.52,20.71,21.22 ,4.61 ,2959,4.44 ,3.39,7.14,0.37,10.09,0.33,
1952,139.41,7.81,29.81,28.75 ,4.09 ,2984,3.76 ,2.88,7.23,0.11,9.64,0.18,
2005,106.54,7.74,16.25,20.77 ,3.94 ,3061,3.96 ,2.41,7.12,0.51,8.95,0.14,
2241,133.91,7.74,22.61,21.78 ,3.41 ,2629,5.98 ,2.78,7.13,1.36,11.29,0.25,
1981,154.64,7.82,18.24,20.94 ,4.09 ,3095,5.02 ,1.34,7.07,0.97,9.59,0.12,
2419,123.3,7.75,25.39,24.22 ,3.17 ,2984,4.52 ,2.97,7.12,1.19,9.31,0.13,
1881,121.79,7.82,18.14,18.97 ,3.11 ,2472,3.74 ,2.83,7.24,1.62,10.23,0.35,
1888,122.88,7.84,18.29,17.91 ,2.97 ,2756,6.35 ,3.37,7.31,0.74,8.67,0.3,
2248,154.79,7.96,21.14,20.46 ,3.33 ,2598,4.84 ,3.93,7.35,0.56,9.99,0.34,
1784,137.44,7.62,16.37,17.85 ,3.11 ,2955.00 ,4.45 ,3.69,7.14,1.12,10.26,0.31,
1965,153.94,7.63,14.36,17.26 ,3.91 ,2914,3.77 ,9.8,7.06,0.24,9.39,0.34,
1903,160.53,7.31,23.61,27.83 ,4.23 ,3045,4.41 ,10.12,6.96,4.04,10.54,0.31,
1985,170.6,7.66,6.1,28.40 ,4.05 ,3011,3.90 ,3.12,7.03,3.16,11.73,0.31,
1950,130.28,7.63,15.91,21.14 ,3.46 ,2991,4.72 ,1.94,7.12,2.76,13.79,0.11,
1937,135.04,8.1,22.33,21.26 ,3.13 ,2879,5.75 ,2.21,7.6,5.47,12.77,0.19,
1968,195.36,7.8,20.31,23.75 ,2.56 ,3011,5.18 ,2.19,7.3,2.14,13.61,0.07,
2085,129.11,7.9,18.74,19.67 ,2.39 ,3011,5.15 ,2.9,7.3,3.37,13.41,0.035,
1954,135.02,7.86,19.38,19.98 ,2.11 ,2914,4.20 ,2.82,7.24,2.04,12.44,0.07,
2059,145.01,7.62,19.44,18.37 ,1.75 ,2937,5.65 ,2.48,7.14,2.59,11.52,0.045,
2037,111.16,7.74,20.14,19.81 ,1.27 ,2602,6.23 ,2.89,7.03,2.09,12.12,0.06,
1977,160.58,7.81,33.27,21.43 ,1.91 ,3109,4.35 ,2.0,7.04,2.05,11.64,0.06,
1894,145.92,7.82,22.71,23.45 ,1.54 ,2619,5.18 ,2.65,7.04,3.01,12.3,0.09,
1951,131.94,7.75,21.56,20.75 ,1.27 ,3008,4.97 ,2.11,6.98,1.11,12.39,0.07,
1979,71.34,7.81,17.86,18.29 ,3.35 ,2841,4.06 ,3.36,7.15,0.99,10.07,0.11,
2028,160.72,0,38.05,20.11 ,3.23 ,2912,4.24 ,1.9,6.97,0.99,12.6,0.08,
1915,113.46,7.83,24.54,23.39 ,2.01 ,2795,4.90 ,1.95,6.91,1.41,13.26,0.07,
2005,131.18,7.65,27.45,29.66 ,3.11 ,3131,4.34 ,2.57,6.96,1.94,12.91,0.075,
2001,183.6,7.82,33.64,32.47 ,3.77 ,2946,5.43 ,2.01,6.97,0.98,12.14,0.05,
2298,145,7.65,23.16,29.46 ,2.77 ,2881,3.85 ,1.76,7.01,1.21,12.24,0.07,
1974,139.45,7.8,29.22,23.98 ,3.02 ,2781,4.59 ,2.88,7.5,1.91,11.98,0.0,
2020,160.55,7.9,20.16,24.39 ,3.17 ,2731,4.15 ,2.8,7.42,1.19,13.11,0.1,
2000,187.87,7.8,37,36.47 ,2.93 ,2693,4.81 ,2.25,7.23,2.23,13.64,0.03,
1901,166.92,7.52,20.33,22.46 ,2.98 ,2733,4.51 ,6.42,7.26,2.18,12.99,0.08,
1968,88.21,7.56,15.37,18.07 ,2.91 ,2919,5.39 ,2.12,7.04,0.29,9.31,0.12,
2015,88.53,7.76,21.33,23.42 ,3.11 ,2900,5.80 ,2.09,7.12,0.05,10.17,0.15,
2003,108.58,7.72,31.42,24.51 ,3.74 ,2999,5.16 ,2.72,7.03,0.36,11.78,0.19,
2000,169.26,8,23.91,27.77 ,3.84 ,3098,4.41 ,2.93,7.3,1.64,13.93,0.18,
1899,137.24,7.65,20.74,21.01 ,3.56 ,3189,5.64 ,2.97,7.03,2.61,12.11,0.22,
2266,109.18,7.75,17.41,19.38 ,3.21 ,2734,4.79 ,2.09,7.14,1.01,11.54,0.12,
2076,126.33,7.73,24.31,22.19 ,3.36 ,3011,5.28 ,1.75,7.14,2.81,13.79,0.11,
2036,147.82,7.81,19.45,20.71 ,3.69 ,2916,4.67 ,2.49,7.23,2.79,13.94,0.12,
2381,119.91,7.55,16.54,19.93 ,2.61 ,3056,4.50 ,2.56,7.14,0.03,7.41,0.24,
2040,90.14,7.52,10.27,18.26 ,3.14 ,4267,3.96 ,7.39,7.04,0.11,7.19,0.16,
2406,165.26,7.72,20.78,22.56 ,3.31 ,3314,5.60 ,6.49,7.14,0.24,6.95,0.16,
2405,78.02,7.71,9.74,14.67 ,1.91 ,3431,5.16 ,3.9,7.23,0.06,5.03,0.08,
2816,80.24,7.62,9.15,15.69 ,2.04 ,4015,4.40 ,5.37,7.12,0.11,5.25,0.12,
2432,67.31,7.54,7.25,14.71 ,1.82 ,3271,4.16 ,2.4,7.07,0.06,5.43,0.14,
2317,71.34,7.44,11.75,18.96 ,2.03 ,3779,5.10 ,4.65,6.98,0.12,5.37,0.14,
2788,62.22,7.65,9.14,17.26 ,2.44 ,4230,5.70 ,4.01,7.15,0.05,4.79,0.15,
2434,42.57,7.41,7.84,13.79 ,2.24 ,4027,6.22 ,4.2,6.92,0.06,4.26,0.13,
2434,53.35,7.48,9.66,14.39 ,2.57 ,4311,4.41 ,3.22,7.12,0.06,5.44,0.2,
2289,159.59,7.65,33.72,30.71 ,1.99 ,3225,4.79 ,2.5,7.14,2.77,12.34,0.1,
2422,124.23,7.61,9.78,20.13 ,3.30 ,2465,4.49 ,3.66,7.01,0.07,6.37,0.21,
2477,64.26,7.62,9.37,16.37 ,2.77 ,2328,3.75 ,6.14,7.11,0.11,7.14,0.24,
2447,69.29,7.61,8.17,18.14 ,3.37 ,4315,5.83 ,4.06,7.23,0.05,7.23,0.29,
2426,77.41,7.65,9.25,18.25 ,3.26 ,2399,4.32 ,4.94,7.21,0.076,7.24,0.23,
2424,84.7,7.71,10.39,18.33 ,2.72 ,3995,5.53 ,3.28,7.23,0.14,7.21,0.05,
2431,86.78,7.53,9.41,16.75 ,2.99 ,2299,4.02 ,4.58,7.14,0.09,8.26,0.06,
2463,66.81,7.56,8.94,17.32 ,2.48 ,2351,5.14 ,5.34,7.13,0.09,8.38,0.08,
2852,96.94,7.55,14.75,18.93 ,3.35 ,2103,5.40 ,3.75,6.96,0.08,8.91,0.07,
2456,65.14,7.72,12.39,18.26 ,3.11 ,1974,4.69 ,6.48,7.16,0.1,9.14,0.07,
2479,72.34,7.75,12.17,17.14 ,2.94 ,3899,5.67 ,8.48,7.14,0.12,8.23,0.07,
2262,153.31,7.81,29.14,30.14 ,3.17 ,2948,4.37 ,4.91,7.24,4.36,13.27,0.35,
2036,142.77,7.76,22.88,20.26 ,3.47 ,1919,4.42 ,4.15,7.21,0.06,8.39,0.13,
2419,129.24,7.65,9.14,18.06 ,3.30 ,3012.00 ,4.52 ,6.21,7.17,0.12,7.73,0.18,
1928,147.26,7.5,21.72,23.01 ,3.44 ,3305,5.11 ,8.94,7.2,10.84,16.39,0.13,
1956,110.34,7.76,18.46,23.24 ,2.91 ,2804,5.29 ,6.25,7.24,4.12,16.09,0.27,
1956,111.28,7.72,24.96,24.18 ,3.07 ,3101,5.49 ,6.4,7.13,0.69,13.01,0.16,
2456,74.78,7.74,17.73,22.20 ,2.30 ,2811,5.68 ,4.04,7.12,0.03,12.01,0.24,
2402,101.44,7.45,11.39,19.78 ,2.99 ,3126,6.00 ,8.26,7.04,0.12,7.96,0.32,
2338,99.31,7.66,14.27,19.84 ,3.03 ,3281,4.50 ,5.94,7.14,0.05,6.76,0.3,
2415,121.34,7.52,10.13,18.96 ,2.25 ,3003,5.42 ,6.26,7.16,0.065,7.07,0.24,
2415,50.16,7.62,10.72,18.09 ,3.71 ,2601,5.58 ,2.75,6.97,0.14,7.04,0.13,
2468,87.98,7,9.94,17.26 ,3.93 ,1901,6.24 ,3.64,7.52,0.06,6.99,0.13,
2403,69.72,7.77,6.8,14.82 ,3.13 ,3002,5.31 ,4.81,7.32,0.0,3.92,0.15,
2472,86.39,7.85,12.56,15.01 ,3.55 ,1864,4.82 ,6.24,7.26,0.1,4.16,0.12,
2833,86.41,7.81,13.14,15.26 ,3.77 ,3101,5.57 ,4.06,7.23,0.11,5.76,0.14,
2841,89.91,7.93,15.31,18.29 ,4.06 ,1901,4.73 ,5.06,7.26,0.13,8.17,0.24,
2819,101.7,7.82,12.96,17.85 ,3.93 ,3174,5.33 ,4.33,7.17,0.092,7.78,0.21,
24896,98.88,7.82,21.65,23.26 ,4.11 ,2055,4.40 ,3.18,7.23,0.14,7.23,0.15,
2439,90.75,7.8,23.25,24.72 ,4.31 ,3256,5.37 ,6.12,7.11,0.0,7.91,0.21,
2429,128.99,7.78,24.33,27.13 ,4.37 ,2921,4.25 ,4.44,7.14,0.11,6.66,0.3,
2402,77.34,7.75,9.82,17.26 ,3.43 ,2731,5.36 ,6.09,7.23,0.1,7.49,0.1,
2794,91.36,7.26,18.26,20.26 ,3.29 ,2109,4.33 ,4.12,6.96,0.075,7.67,0.14,
2390,132.83,8.1,19.75,21.14 ,3.70 ,3199,4.77 ,3.88,7.46,0.1,7.33,0.12,
2460,90.23,7.86,28.26,30.26 ,3.79 ,2651,5.20 ,5.44,7.23,0.14,7.72,0.13,
2425,120.67,7.75,30.27,31.15 ,3.47 ,2214,4.31 ,6.14,7.08,0.16,6.62,0.2,
1932,122.61,7.81,30.73,33.71 ,4.65 ,2354,4.81 ,4.22,7.06,0.06,6.72,0.26,
2439,66.36,7.75,8.93,15.22 ,3.65 ,2777,5.46 ,5.69,6.98,0.0,5.44,0.17,
400,102.75,7.72,14.72,15.66 ,3.05 ,2432,4.14 ,3.18,6.94,0.07,2.93,0.14,
2389,85.71,7.65,9.83,14.74 ,4.01 ,2366,5.53 ,4.27,7.06,0.05,3.01,0.13,
2412,92.26,7.71,10.25,14.99 ,4.12 ,2711,3.65 ,5.36,7.03,0.11,5.46,0.1,
2011,44.07,7.74,9.31,13.65 ,3.24 ,2883,5.76 ,1.41,7.15,0.0,4.42,0.08,
2443,95.6,7.47,14.37,18.24 ,3.09 ,1899,5.21 ,3.51,6.96,0.05,8.16,0.14,
1454,79.81,7.82,7.23,15.02 ,3.03 ,2231,4.40 ,4.99,7.23,0.05,4.69,0.08,
2497,81.37,0,16.35,15.54 ,3.61 ,2055,5.80 ,4.44,6.96,0.06,8.42,0.14,
2459,49.26,7.52,9.24,16.73 ,2.79 ,2088,6.02 ,3.01,6.97,0.1,8.09,0.14,
2434,93.19,7.76,10.27,16.98 ,3.14 ,2765,5.57 ,3.65,6.97,0.13,7.22,0.12,
2443,59.47,7.82,9.14,19.37 ,3.16 ,2129,5.84 ,6.72,7.24,0.09,7.66,0.12,
2419,88,8,9.71,18.91 ,3.82 ,2695,4.64 ,37.26,7.72,0.11,7.25,0.17,
2453,67.74,7.76,8.06,16.27 ,3.39 ,2222,6.10 ,4.01,7.22,0.05,6.14,0.14,
2468,50.38,8.1,9.11,17.26 ,4.01 ,2463,4.50 ,3.54,7.56,0.12,7.39,0.15,
2851,50.67,7.76,6.93,12.71 ,2.95 ,2939,4.67 ,4.82,7.22,0.04,5.62,0.08,
2449,71.41,7.66,7.33,13.14 ,3.81 ,2512,5.74 ,3.09,7.05,0.12,3.91,0.21,
2161,101.34,7.74,8.21,14.63 ,4.04 ,2851,5.83 ,5.18,7.12,0.13,4.29,0.26,
2095,117.44,7.68,10.26,13.65 ,3.77 ,2599,5.35 ,4.61,7.02,0.14,4.72,0.22,
2366,61.6,8.1,10.31,12.65 ,2.69 ,3001,5.06 ,6.26,7.56,0.0,7.85,0.04,
2409,73.31,7.86,6.71,12.91 ,3.11 ,2601,5.51 ,2.4,7.23,0.06,6.47,0.09,
2008,51.63,7.84 ,23.25,11.62 ,8.10 ,2544,5.98 ,3.957,6.9,0.001,0.072,4.72,
2441,90.99,8.35 ,27.18,11.41 ,4.06 ,2554,5.64 ,5.99,7.2,0.08,5.95,0.138,
2480,52.98,8.51 ,20.8,12.09 ,3.27 ,2522,4.51 ,4.43,7.4,0.07,6.08,0.16,
2443,37.1,8.13 ,13.36,11.26 ,2.94 ,2229,4.52 ,4.87,6.9,0.07,5.45,0.02,
2541,43.57,8.03 ,14.93,12.39 ,3.92 ,2419,4.59 ,3.73,7.1,0.06,4.27,0.21,
2504,45.96,8.04 ,14.34,11.63 ,3.38 ,2546,5.27 ,4.28,6.95,0.05,3.39,0.22,
2469,62.71,7.81,8.44,10.90 ,2.93 ,1784,5.64 ,5.62,7.26,0.08,4.25,0.21,
2476,90.36,7.83,8.29,11.49 ,2.32 ,2711,5.55 ,6.01,7.21,0.054,3.63,0.25,
2471,66.19,8,7.31,11.01 ,2.01 ,1823,5.42 ,4.01,7.34,0.21,3.95,0.014,
2492,70.13,7.92,9.2,10.84 ,1.99 ,2651,5.32 ,4.26,7.43,0.11,4.44,0.1,
1407,76.34,7.83,10.11,12.20 ,2.03 ,2169,4.57 ,5.09,7.26,0.14,5.63,0.12,
2486,56.76,7.82,6.25,12.31 ,1.91 ,1869,5.42 ,6.01,7.46,0.03,5.39,0.16,
2486,44,8,6.31,12.01 ,1.78 ,2611,5.18 ,5.62,7.51,0.04,5.04,0.21,
2469,59.21,8.1,8.39,14.14 ,1.77 ,1819,5.01 ,4.64,7.44,0.14,5.39,0.22,
2430,64.33,7.74,9.24,15.15 ,2.69 ,2305,4.49 ,3.96,7.03,0.05,5.69,0.07,
2468,90.36,7.82,9.14,13.99 ,3.91 ,2603,5.61 ,6.14,7.14,0.07,5.91,0.1,
2842,54.32,7.81,18.01,14.57 ,3.54 ,2446,4.45 ,4.62,6.96,0.06,6.43,0.12,
2842,47.28,7.85,9.05,15.23 ,3.39 ,2444,5.74 ,3.32,7.14,0.11,7.07,0.15,
2469,69.34,7.74,7.25,13.26 ,3.79 ,2751,4.79 ,4.78,7.22,0.06,6.51,0.14,
2463,66.84,7.81,8.01,13.02 ,3.19 ,2258,5.53 ,6.01,7.23,0.12,4.44,0.16,
2422,56.39,7.86,6.31,12.32 ,3.34 ,2811,5.77 ,5.07,7.24,0.02,3.79,0.15,
2414,70.13,7.96,7.98,15.65 ,3.29 ,2731,5.72 ,6.26,7.32,0.051,4.33,0.2,
2900.682,387.8,6.63,68.31,54.43,5.52,4773.5,2.04,21.4,7.26,19.77,24.88,0.2,
3284.178,436.72,6.45,64.86,67.64,5.28,5340.5,2.96,34.33,7.28,15.02,33.1,0.36,
4033.747,353.7,6.67,67.08,44.43,5.92,5159,2,26.11,7.21,23.94,19.46,0.59,
3225.505,376.7,6.61,67.08,44.43,5.92,6090,0.95,25.15,7.18,23.94,19.46,0.59,
3436.055,368.06,6.64,55.74,52.76,4.41,4913.67,2.36,31.14,7.2,24.38,20.02,0.22,
2758.942,304.8,6.72,71.94,69.43,5.23,4899,2.37,33.52,7.16,23.98,23.62,0.12,
2765.564,223.1,6.72,59.14,85.74,5.98,4391,3.53,34.9,7.18,17.98,22.74,0.1,
4723.95,166.86,6.7,29.74,19.9,1.68,4129.33,4.84,20.76,7.14,14.46,14.91,0.09,
1191.243,368.86,6.73,60.54,59.31,5.23,4687,4.13,32.73,7.12,18.7,21,0.05,
3175.775,335.31,6.72,62.74,63.59,4.47,4356.33,3.97,38.32,7.14,8.856,14.55,0.08,
2817.273,274.65,6.71,28.34,31.1,4.47,3959.5,3.02,35.13,7.1,7.66,14.55,0.07,
2809.412,546.9,6.7,55.94,49.07,8.83,3954.5,2.94,45.51,7.15,16.69,21.2,0.1,
3630.313,558.88,6.68,70.21,70.98,7.38,4418.5,3.04,26.35,7.27,19.3,31.15,0.18,
2809.412,529.34,6.7,69.74,63.36,6.13,3779.5,3.41,39.92,7.15,24.14,21.93,0.12,
3376.304,340.92,6.69,70.54,60.98,6.51,3995.67,2.79,47.9,7.08,30.78,31.05,0.13,
4106.822,518.16,6.7,78.34,73.6,7.49,3946.67,2.66,43.11,7.15,26.86,27.03,0.16,
3739.532,237.92,6.68,49.54,45.14,4.76,4114,2.27,42.32,7.19,25.49,18.05,0.39,
2711.258,442.31,6.72,82.14,101.81,6.33,4418.33,2.08,43.91,7.19,41.26,30.24,0.39,
2948.019,407.98,6.74,69.34,71.57,6.17,4456,2.15,40.72,7.12,19.82,21.81,0.25,
2865.257,229.94,6.75,55.14,66.45,7.15,4220,2.83,30.34,7.16,13.58,21.81,0.22,
2865.257,229.94,6.75,55.14,66.45,7.15,4220,2.83,30.34,7.16,13.58,21.81,0.22,
3674.167,297,6.705,48.34,49.07,4.65,3762.5,2.65,31.14,7.16,18.22,18.41,0.14,
3266.34,369.66,6.67,56.93,68.95,4.88,4494,2.91,12.77,7.26,16.87,33.1,0.11,
3558.454,378.55,6.65,55.93,52.21,5.69,5039,1.97,15.09,7.28,23.94,28.6,0.16,
2933.496,376.84,6.65,51.41,44.67,6.33,4734,2.58,33.11,7.28,21.94,26.15,0.24,
2933.496,376.84,6.65,51.41,44.67,6.33,4734,2.58,33.11,7.28,21.94,26.15,0.24,
3442.273,372.05,6.66,65.21,53.36,5.63,4980.5,1.27,36.73,7.17,17.48,22.53,0.16,
3663.956,372.8,6.67,58.83,90.98,10.63,5297.5,0.76,25.25,7.18,26.08,29.6,0.27,
3541.374,374.59,6.69,76.34,69.19,8.13,5088.33,0.76,27.94,7.17,33.74,28.67,0.27,
3799.124,170.06,6.79,46.74,49.67,5.81,4011,4.36,17.56,7.13,0.32,9.81,0.04,
4366.311,165.4,6.82,43.94,50.38,5.05,3910,5.49,19.32,7.08,0.395,11.65,0.05,
2965.066,233.93,6.84,30.14,44.79,4.49,3767,5.07,22.36,7.15,0.47,11.22,0.06,
2862.434,217.17,6.82,30.72,59.67,4.59,4833,1.54,26.26,7.16,0.2,7.51,0.05,
3372.723,220.42,6.82,44.154,58.68,3.986,4465,2.49,22.381,7.057,0.43,10.103,0.11,
2847.763,228.35,6.775,52.191,55.682,4.026,4634.67,1.97,21.745,7.085,0.68,10.01,0.107,
2846.236,213.5,6.855,55.21,58.24,7.09,4191.33,4.92,17.5,7.09,0.36,12.96,0.05,
2917.711,268.26,6.83,52.103,57.4,6.97,3794,3.4,24.75,7.16,0.458,11.91,0.04,
2553.479,253.7,6.83,58.14,63.95,5.92,3846,4.39 ,26.9,7.17,0.33,13.65,0.05,
2621.29,206.5,6.85,57.79,55.14,6.39,4346,5.35 ,17.96,7.17,0.47,14.46,0.05,
3174.49,151.7,6.86,47.62,48.83,4.7,3600,4.01 ,17.96,7.18,0.44,13.93,0.04,
3142.243,201.84,6.88,65.72,66.21,7.32,3800,3.72 ,20.55,7.08,0.72,12.79,0.05,
2865.1,290.62,6.72,62.54,60.74,6.85,4249,5.23,15.17,7.08,17.5,18.29,0.05,
2755.806,316.17,6.87,48.66,52.05,5.52,4000,3.92 ,27.48,7.18,0.55,10.74,0.05,
3219.376,458.25,6.85,24.34,63.47,4.99,4316,5.93 ,17.56,7.19,0.24,13.93,0.05,
3132.659,296.21,6.74,61.74,50.97,8.95,4168,3.23,16.77,7.07,6.86,10.98,0.03,
3189.664,248.984,6.76,64.94,54.21,8.08,3871.33,4.56,13.179,7.07,11.02,14.15,0.02,
3507.08,320.16,6.73,56.94,54.55,6.17,4282,4.32,19.96,7.04,0.296,11.17,0.02,
3228.069,303.39,6.81,68.94,66.69,6.39,4377.67,2.22,23.95,7.01,1.92,11.05,0.05,
3498.053,185.23,6.81,66.14,58.83,8.48,4367,2.46,26.35,7.03,2.82,10.96,0.05,
4159.026,152.6,6.78,35.74,40.5,4.52,3803,6.02,20.76,7.06,0.507,10.2,0.04,
3272.494,268.9,6.94,46.76,45.62,2.96,4029,4.50 ,24.16,7.02,0.25,11.1,0.13,
2422.485,391.22,6.97,47.48,58.59,3.77,3968,5.28 ,39.5,7.08,0.24,9.48,0.13,
3170.106,218.03,7,57.28,58.95,4.18,3829,3.98 ,36.09,7.12,0.31,10.41,0.19,
3188.125,237.12,7.02,59.52,58.83,3.66,3914,5.24 ,25.55,7.13,0.47,9.76,0.12,
3350.254,278.2,7.01,58.01,59.24,4.03,3941,5.11 ,28.3,7.17,0.56,9.63,0.11,
3581.184,260.41,7.02,50.38,46.33,3.42,3880,3.58 ,26.21,7.11,0.35,10.53,0.11,
2663.968,341.7,6.92,65.89,61.93,5.58,4083,3.70 ,27.15,7.87,0.35,12.6,0.05,
3322.607,273.6,7.01,60.89,60.62,4.41,3805,4.83 ,22.6,7.12,0.24,10.05,0.3,
3223.572,301.5,6.9,61.4,67.7,7.72,4240,5.51 ,44.7,7.21,0.38,10.56,0.05,
3239.911,206.8,6.91,59.69,51.69,5.92,4197,3.46 ,32.5,7.22,0.46,12.86,0.05,
3528.216,312.84,6.93,52.12,57.73,5.92,3863,4.09 ,28.32,7.17,0.51,13.72,0.26,
3178.135,360.87,6.82,65.89,52.4,7.9,4235,5.14 ,27.15,7.18,0.78,14.86,0.28,
3386.19,279.9,6.73,63.65,66.45,8.66,3804,4.97 ,25.96,7.2,0.54,13.72,0.34,
